Simulation;Time0 in 0;Time1 in 0.5;Time2 in 1;Time3 in 2.5;Time4 in 5;Time5 in 10;Time6 in 25;Time7 in 50;Time8 in 100;Time9 in 200;Time_Cryst;Num_Cell;N_Sph;N_Nuclei_Sph;Dia; SD
Sim100_1;500.150000;495.148500;490.147000;485.145500;470.141000;410.123000;315.094500;315.094500;315.094500;315.094500;11.100670;100;4;966662;1.565217;2.261706
Sim100_2;500.150000;495.148500;490.147000;485.145500;470.141000;410.123000;315.094500;315.094500;315.094500;315.094500;11.100670;100;4;972137;1.000042;0.022520
Sim100_3;500.150000;495.148500;490.147000;485.145500;470.141000;410.123000;315.094500;315.094500;315.094500;315.094500;11.100670;100;7;845792;1.000130;0.061433
Sim242_1;520.000000;517.920000;514.800000;489.840000;470.080000;449.800000;430.040000;399.880000;399.880000;369.200000;47.289456;100;3;2;70.000000;0.000000
Sim242_2;520.000000;517.920000;514.800000;489.840000;470.080000;449.800000;430.040000;399.880000;399.880000;369.200000;47.289456;100;3;2;100.000000;0.000000
Sim242_3;520.000000;517.920000;514.800000;489.840000;470.080000;449.800000;430.040000;399.880000;399.880000;369.200000;47.289456;100;6;5;67.200000;19.114392
Sim242_1;520.000000;517.920000;514.800000;489.840000;470.080000;449.800000;430.040000;399.880000;399.880000;369.200000;47.289456;50;2;1;50.000000;0.000000
Sim242_2;520.000000;517.920000;514.800000;489.840000;470.080000;449.800000;430.040000;399.880000;399.880000;369.200000;47.289456;50;2;1;50.000000;0.000000
Sim242_3;520.000000;517.920000;514.800000;489.840000;470.080000;449.800000;430.040000;399.880000;399.880000;369.200000;47.289456;50;2;1;50.000000;0.000000
Sim293_1;510.000000;499.800000;470.220000;445.230000;410.040000;405.960000;405.960000;405.960000;405.960000;405.960000;0.000000;50;2;1;50.000000;0.000000
Sim293_2;510.000000;499.800000;470.220000;445.230000;410.040000;405.960000;405.960000;405.960000;405.960000;405.960000;0.000000;50;2;1;50.000000;0.000000
Sim293_3;510.000000;499.800000;470.220000;445.230000;410.040000;405.960000;405.960000;405.960000;405.960000;405.960000;0.000000;50;2;1;50.000000;0.000000
